AEDT,Max TemperatureC,Mean TemperatureC,Min TemperatureC,Dew PointC,MeanDew PointC,Min DewpointC,Max Humidity, Mean Humidity, Min Humidity, Max Sea Level PressurehPa, Mean Sea Level PressurehPa, Min Sea Level PressurehPa, Max VisibilityKm, Mean VisibilityKm, Min VisibilitykM, Max Wind SpeedKm/h, Mean Wind SpeedKm/h, Max Gust SpeedKm/h,Precipitationmm, CloudCover, Events,WindDirDegrees
1/1/15,30,26,22,22,19,18,89,67,44,1015,1013,1010,23,11,4,39,18,48,0,3,Rain,35
1/2/15,26,23,21,22,21,18,100,85,68,1020,1017,1015,23,10,8,35,23,48,0,6,Rain,175
1/3/15,31,27,23,22,21,18,94,71,41,1020,1017,1015,31,12,10,48,19,61,0,2,,35
1/4/15,33,27,22,21,20,18,88,68,39,1019,1015,1011,31,13,10,53,26,69,0,3,,51
1/5/15,25,23,21,21,19,17,94,78,56,1020,1019,1017,26,11,10,35,26,,0,6,,165
1/6/15,28,24,21,21,20,17,94,77,42,1021,1020,1018,31,12,10,24,16,,0,4,,144
1/7/15,31,27,22,21,18,12,94,61,22,1021,1018,1016,31,13,10,42,14,,0,3,,50
1/8/15,31,26,21,19,17,14,73,58,32,1018,1013,1009,31,16,10,52,23,71,0,2,,25
1/9/15,32,27,22,21,19,18,83,64,36,1011,1009,1006,26,16,10,42,21,58,0.25,1,Rain-Thunderstorm,40
1/10/15,28,24,21,22,21,19,100,80,51,1014,1010,1007,31,11,5,47,16,63,5.08,6,Rain-Thunderstorm,120
1/11/15,22,21,20,21,20,19,94,92,84,1014,1012,1010,26,10,6,34,26,48,3.05,6,Rain,174
1/12/15,23,21,20,20,19,17,94,82,69,1015,1013,1012,26,11,8,40,32,61,1.02,6,Rain,184
1/13/15,27,23,19,21,19,18,100,80,54,1012,1007,1001,26,11,4,40,21,60,0.25,6,Rain,21
1/14/15,34,28,23,23,17,13,94,54,19,1001,998,996,31,14,10,45,23,53,0.25,4,Rain,300
1/15/15,26,23,22,19,16,13,73,56,40,1007,1004,1000,31,13,10,32,23,,0,2,,178
1/16/15,28,24,21,19,18,17,88,64,41,1009,1006,1004,31,14,10,27,14,,0,4,,98
1/17/15,35,28,21,21,12,5,88,40,9,1010,1007,1005,31,19,10,34,16,50,0,1,,295
1/18/15,27,24,21,21,18,17,88,70,49,1013,1011,1009,26,11,10,29,24,,0,4,,163
1/19/15,23,21,20,18,15,12,83,65,45,1017,1014,1012,26,11,8,35,27,,0,6,Rain,159
1/20/15,26,22,18,19,17,14,94,72,40,1016,1013,1009,26,11,5,37,18,,0,5,Rain,49
1/21/15,28,23,19,21,19,17,94,70,41,1014,1011,1009,26,11,4,35,19,37,0.25,3,Rain-Thunderstorm,71
1/22/15,28,26,22,21,19,17,88,66,43,1014,1012,1010,26,12,10,35,16,,0,2,,47
1/23/15,31,27,23,21,20,19,83,66,41,1011,1008,1005,31,13,10,47,21,55,0,3,,27
1/24/15,31,27,23,22,19,16,89,62,30,1008,1006,1003,31,14,10,39,26,,0,2,Rain-Thunderstorm,31
1/25/15,35,28,21,22,19,15,89,64,23,1009,1003,1001,31,15,10,50,18,69,0,2,Rain,304
1/26/15,22,21,19,19,18,17,95,85,71,1015,1012,1009,26,9,3,34,27,53,3.05,7,Rain,182
1/27/15,20,19,18,19,18,16,100,92,82,1014,1012,1011,18,8,1,27,18,,11.94,6,Rain,139
1/28/15,21,19,17,18,16,13,94,81,59,1014,1013,1011,26,9,4,39,23,52,5.08,6,Rain,182
1/29/15,21,18,15,14,11,9,77,58,40,1013,1011,1010,31,12,10,48,35,64,0,2,,203
1/30/15,25,19,14,16,11,7,73,54,22,1011,1008,1005,31,13,10,35,23,,0,3,,221
1/31/15,25,21,17,15,12,9,77,53,28,1009,1007,1005,26,12,10,24,14,,0,2,,178
2/1/15,24,22,19,18,16,15,83,69,48,1012,1009,1007,31,13,10,32,16,,0,5,Rain,189
2/2/15,22,21,19,17,16,12,83,68,47,1020,1015,1011,31,12,10,52,32,55,0,3,Rain-Thunderstorm,187
2/3/15,23,21,20,16,13,11,73,56,37,1020,1018,1016,31,13,10,35,27,,0,3,Rain,167
2/4/15,23,20,17,18,15,13,94,66,49,1019,1016,1014,31,13,8,37,16,55,0,5,Rain,214
2/5/15,23,21,18,18,14,13,88,61,43,1026,1023,1019,26,11,8,35,24,52,0,6,Rain,132
2/6/15,26,22,18,16,14,12,83,61,36,1028,1026,1025,31,12,10,21,13,,0,4,,167
2/7/15,27,23,19,17,15,14,78,58,37,1026,1023,1020,31,13,10,29,13,,0,5,Rain,357
2/8/15,33,26,19,23,17,13,94,59,26,1021,1018,1015,31,20,10,23,13,,0,1,,4
2/9/15,27,24,22,23,19,18,94,75,53,1025,1023,1019,31,11,8,42,24,58,0,5,Rain,159
2/10/15,27,24,22,20,19,18,88,72,51,1025,1023,1022,31,12,10,29,16,,0,4,,121
2/11/15,30,26,22,20,18,15,88,62,31,1024,1022,1019,31,13,10,35,18,,0,2,Rain,42
2/12/15,29,26,22,20,19,16,88,67,38,1024,1021,1019,31,12,6,29,16,,0,2,Rain-Thunderstorm,87
2/13/15,27,23,20,21,19,16,100,78,45,1025,1023,1021,31,10,1,32,21,,0.25,5,Rain-Thunderstorm,157
2/14/15,28,24,21,21,19,16,94,69,37,1024,1021,1018,31,12,10,34,14,,0.51,5,Rain-Thunderstorm,2
2/15/15,29,24,19,20,18,16,94,67,43,1018,1016,1014,31,13,8,29,14,,0,3,Fog,15
2/16/15,29,26,22,19,17,15,73,58,35,1018,1016,1014,31,13,10,37,24,,0,4,,36
2/17/15,29,26,22,19,17,11,78,58,24,1019,1017,1016,31,13,10,42,23,,0,2,,36
2/18/15,29,26,23,19,17,16,73,58,34,1021,1019,1018,31,12,10,37,23,,0,1,,43
2/19/15,27,24,22,20,19,17,88,70,50,1022,1020,1018,26,12,10,29,14,,0,4,Rain,64
2/20/15,27,24,21,21,19,17,88,75,44,1019,1017,1015,26,12,6,27,13,,0,6,Rain,82
2/21/15,24,22,21,21,20,18,94,84,73,1017,1016,1015,31,11,2,26,16,,2.03,6,Rain,131
2/22/15,27,23,20,21,19,18,94,74,49,1018,1017,1016,31,12,7,27,14,,0,3,Rain,82
2/23/15,27,24,22,21,19,18,88,72,50,1018,1015,1013,31,12,10,29,14,,0,4,Rain,51
2/24/15,24,22,21,21,19,18,94,82,69,1017,1015,1012,31,11,10,50,19,52,0,5,Rain,182
2/25/15,23,21,19,20,17,16,94,78,56,1016,1015,1013,26,10,4,34,21,50,10.92,6,Rain,183
2/26/15,27,23,19,21,18,16,94,72,50,1013,1009,1006,26,12,10,21,11,,0,6,Rain,121
2/27/15,27,24,21,21,19,17,94,73,48,1011,1009,1008,31,12,9,24,18,,0,3,Rain,148
2/28/15,28,24,20,21,19,16,94,69,38,1011,1009,1007,31,14,10,35,16,,0,3,,25
3/1/15,38,29,20,21,18,14,100,67,18,1016,1007,1002,31,11,1,72,21,97,10.92,5,Rain-Thunderstorm,272
3/2/15,24,21,18,17,14,12,73,59,38,1019,1017,1016,31,12,10,42,29,61,0,5,,170
3/3/15,28,23,18,19,15,12,78,59,28,1018,1014,1012,31,18,10,32,13,,0,4,,13
3/4/15,28,24,21,20,19,18,88,75,51,1014,1011,1007,31,13,10,27,18,,0,4,Rain,148
3/5/15,26,23,19,20,13,4,94,55,15,1013,1008,1004,31,13,10,45,18,60,0,3,,226
3/6/15,30,23,16,15,7,-2,63,38,8,1012,1007,1003,31,26,10,39,19,53,0,1,,288
3/7/15,26,22,18,19,17,13,89,68,40,1013,1010,1008,31,12,10,34,18,,0,4,Rain,96
3/8/15,24,22,20,20,19,18,88,80,67,1012,1010,1009,26,12,10,32,14,,0,6,,208
3/9/15,31,26,20,22,17,11,94,65,24,1014,1011,1009,31,14,10,27,14,,0,4,,224
3/10/15,25,23,21,21,19,18,88,78,62,1018,1016,1014,26,12,10,32,26,47,0,5,Rain,157
3/11/15,29,24,21,21,19,17,94,74,47,1017,1015,1012,26,12,10,35,14,,0,3,Rain-Thunderstorm,274
3/12/15,26,23,20,21,19,17,88,74,58,1017,1014,1012,26,12,10,35,18,50,0,4,,183
3/13/15,23,20,18,17,16,12,88,72,45,1021,1019,1016,23,11,5,40,31,60,2.03,6,Rain,184
3/14/15,24,20,16,15,13,11,88,60,34,1021,1016,1010,31,14,10,29,16,,0,3,Rain,5
3/15/15,23,20,17,18,14,10,94,68,44,1017,1012,1007,31,10,1,52,27,69,7.11,5,Rain-Thunderstorm,189
3/16/15,23,19,16,14,9,7,77,47,27,1018,1016,1015,31,13,10,35,23,,0,4,,137
3/17/15,25,20,16,17,13,9,77,57,28,1016,1013,1011,31,13,10,27,14,,0,5,,357
3/18/15,30,24,19,21,18,15,94,71,36,1011,1006,1002,31,14,10,32,11,,0,4,Rain-Thunderstorm,13
3/19/15,27,23,19,21,18,16,88,69,45,1012,1010,1006,31,14,10,27,14,,0,1,,115
3/20/15,29,24,19,21,18,16,94,78,40,1022,1013,1009,26,10,5,52,23,71,0.25,5,Rain-Thunderstorm,211
3/21/15,23,20,18,17,14,10,94,63,34,1026,1024,1022,26,11,6,42,32,61,0.25,6,Rain,148
3/22/15,25,22,18,19,16,13,88,66,43,1026,1023,1021,26,12,6,27,23,,3.05,6,Rain,71
3/23/15,27,23,18,20,18,16,94,71,45,1021,1016,1012,31,12,10,35,18,50,0,4,,6
3/24/15,26,23,20,21,19,18,100,85,62,1013,1011,1009,31,11,2,26,13,,9.91,6,Rain-Thunderstorm,173
3/25/15,23,19,15,18,14,12,88,68,43,1019,1016,1013,31,13,10,32,23,53,0.25,2,,197
3/26/15,28,23,18,14,10,-1,73,46,14,1020,1017,1014,31,14,10,32,13,,0,3,,300
3/27/15,26,20,14,9,1,-5,41,24,10,1021,1019,1016,31,31,31,35,24,53,0,,,262
3/28/15,22,19,15,11,8,3,60,44,23,1024,1022,1020,31,11,10,24,19,34,0,1,,199
3/29/15,26,21,15,17,13,11,82,61,35,1024,1022,1020,31,13,10,27,11,,0.25,4,,360
3/30/15,24,20,16,18,16,14,88,74,46,1026,1023,1021,31,12,2,42,13,,9.91,5,Rain-Thunderstorm,132
3/31/15,23,20,18,19,17,13,94,81,45,1027,1025,1024,31,11,1,29,11,,20.07,4,Rain-Thunderstorm,157
4/1/15,27,22,17,19,17,16,95,74,45,1025,1022,1019,31,13,9,29,13,,0,3,Fog-Rain,351
4/2/15,31,24,19,19,17,14,88,66,28,1021,1017,1015,31,14,10,39,13,,0,6,Rain-Thunderstorm,340
4/3/15,21,19,17,18,16,13,100,84,59,1024,1023,1020,19,10,4,40,32,,4.06,6,Rain,183
4/4/15,20,18,16,17,16,14,94,86,71,1023,1019,1014,16,9,4,39,29,,6.1,6,Fog-Rain,145
4/5/15,22,19,16,16,15,13,100,77,50,1014,1009,1005,31,12,4,29,18,,1.02,4,Rain,206
4/6/15,26,20,15,17,15,13,96,77,34,1008,1006,1005,31,9,0,37,13,47,2.03,4,Fog-Rain-Thunderstorm,328
4/7/15,24,19,15,15,9,-1,94,56,15,1010,1007,1005,31,13,10,55,18,69,0.25,2,Rain-Thunderstorm,307
4/8/15,22,18,14,9,6,4,63,42,21,1016,1011,1005,31,13,10,45,29,63,0,5,,264
4/9/15,20,18,15,12,9,7,64,51,35,1023,1020,1016,31,12,10,47,32,64,0,3,,211
4/10/15,20,17,14,16,14,9,94,79,47,1025,1023,1022,31,11,3,35,23,,3.05,5,Rain,219
4/11/15,21,18,16,17,15,14,96,83,59,1024,1021,1019,31,10,4,19,13,,0,5,Rain,316
4/12/15,21,18,15,17,14,12,94,74,50,1021,1018,1016,31,13,10,39,16,50,0,4,Rain,227
4/13/15,20,18,15,14,12,10,82,66,48,1024,1022,1020,31,13,10,27,19,52,0,3,Rain,206
4/14/15,23,19,14,13,11,9,77,58,34,1024,1022,1021,31,14,10,23,11,,0,3,,5
4/15/15,26,20,15,17,14,12,82,65,36,1025,1023,1021,31,18,10,34,13,47,0,2,Rain-Thunderstorm,346
4/16/15,32,24,17,20,16,11,88,64,18,1024,1021,1018,31,14,10,35,18,50,0.25,5,,279
4/17/15,23,21,19,19,18,18,94,84,63,1025,1022,1020,26,11,2,19,13,,1.02,6,Rain,83
4/18/15,29,24,20,19,17,14,94,64,32,1020,1015,1012,31,14,10,39,18,55,2.03,6,Rain,354
4/19/15,21,18,15,18,14,8,94,76,37,1025,1019,1013,31,12,10,52,24,71,0,5,Rain,226
4/20/15,17,16,14,16,15,12,100,93,76,1025,1022,1020,31,6,1,69,47,89,35.05,6,Rain,183
4/21/15,17,16,14,16,14,11,100,88,65,1021,1017,1012,7,4,1,82,66,100,19.05,6,Rain-Thunderstorm,179
4/22/15,18,16,13,17,16,13,100,93,81,1013,1012,1010,26,6,1,69,45,85,53.09,4,Rain-Thunderstorm,195
4/23/15,21,18,14,17,16,13,100,87,67,1012,1011,1009,26,12,9,23,13,,0,2,Fog,234
4/24/15,27,21,15,18,14,11,94,72,28,1009,1006,1004,31,10,1,19,11,,0,3,Fog,307
4/25/15,23,19,13,16,12,8,94,68,30,1009,1007,1004,31,14,3,34,13,,7.87,2,Rain-Thunderstorm,291
4/26/15,17,14,12,13,11,9,94,74,55,1015,1010,1005,31,12,9,37,23,50,3.05,5,Rain,252
4/27/15,18,15,12,12,8,5,77,56,31,1023,1019,1015,31,12,10,29,21,42,0,2,,225
4/28/15,18,14,11,12,8,6,82,60,43,1027,1025,1022,31,12,10,29,18,,0.51,2,Rain,215
4/29/15,18,14,11,14,12,8,94,78,61,1031,1029,1027,31,11,5,32,16,,13.97,5,Rain,190
4/30/15,19,17,14,15,13,12,94,78,53,1031,1029,1028,26,10,4,29,18,,7.87,6,Rain,157
5/1/15,20,17,14,17,16,14,94,87,64,1029,1026,1022,26,10,4,32,18,45,5.08,5,Rain,168
5/2/15,23,20,17,19,17,15,96,85,59,1023,1018,1014,19,9,3,32,19,50,14.99,5,Rain,117
5/3/15,21,19,18,19,17,15,100,88,71,1015,1014,1012,19,10,6,39,31,53,0.51,6,Rain,196
5/4/15,21,19,17,17,16,14,94,80,67,1016,1014,1012,31,13,10,27,18,,0,5,,199
5/5/15,28,21,15,15,12,1,100,61,15,1012,1007,1003,31,9,0,39,14,,0,5,Fog,322
5/6/15,21,17,13,3,2,-1,48,32,14,1017,1013,1009,31,23,18,40,27,,0,,,274
5/7/15,20,16,11,4,2,-1,62,38,18,1019,1017,1015,31,31,31,42,26,61,0,,,283
5/8/15,21,16,11,6,3,1,58,40,17,1019,1017,1015,31,15,10,35,21,45,0,1,,279
5/9/15,22,17,11,5,4,3,62,42,21,1017,1015,1013,31,31,31,35,23,,0,,,286
5/10/15,22,17,11,8,3,0,62,38,16,1014,1009,1005,31,31,31,48,21,64,0,,,323
5/11/15,22,18,15,8,6,3,59,39,25,1015,1010,1006,,,,53,26,71,0,,,283
5/12/15,23,17,12,7,5,2,72,42,18,1015,1013,1009,31,13,10,50,19,60,0,1,,303
5/13/15,17,13,9,8,1,-4,82,41,16,1022,1016,1011,31,14,9,61,31,66,2.03,5,Rain,263
5/14/15,18,12,7,4,1,-1,66,43,20,1028,1024,1021,31,22,10,34,27,53,0,1,,258
5/15/15,18,14,11,12,8,4,72,59,43,1033,1031,1027,31,12,10,39,26,,0,5,,222
5/16/15,18,16,14,13,12,10,88,71,53,1035,1034,1032,31,12,10,34,24,50,0,3,Rain,192
5/17/15,19,14,10,14,11,8,94,77,56,1035,1033,1032,31,13,10,19,13,,0,4,Rain,276
5/18/15,18,14,11,15,12,9,94,81,61,1032,1029,1025,26,12,10,14,10,,0,6,Rain,317
5/19/15,22,18,14,16,14,12,94,78,45,1025,1019,1014,26,13,9,21,10,,2.03,7,Rain,341
5/20/15,25,20,14,15,13,11,88,65,31,1016,1014,1013,31,18,10,26,16,,0.25,5,Rain,331
5/21/15,20,17,14,14,12,8,88,68,37,1019,1017,1016,31,13,7,34,18,52,0.51,2,Rain-Thunderstorm,237
5/22/15,17,14,12,15,11,8,100,78,48,1026,1020,1015,26,9,3,63,32,87,7.87,6,Rain,206
5/23/15,17,14,11,12,9,6,94,69,46,1030,1028,1026,31,12,5,35,27,48,0,4,Rain,221
5/24/15,19,13,8,9,7,5,87,64,34,1033,1031,1029,31,15,10,16,13,,0,1,,293
5/25/15,19,14,9,10,8,6,82,64,36,1032,1030,1028,31,24,14,16,11,,0,,,324
5/26/15,18,13,8,12,8,4,87,66,39,1030,1028,1025,26,14,10,19,11,,0,5,,299
5/27/15,21,16,11,9,7,5,77,55,24,1026,1023,1021,31,28,26,16,13,,0,,,318
5/28/15,23,17,11,13,10,8,82,59,29,1024,1021,1019,31,28,26,19,13,,0,8,,335
5/29/15,20,18,13,14,12,8,88,66,42,1022,1020,1017,31,18,10,23,13,,0,8,Rain,297
5/30/15,19,14,11,10,8,4,77,62,37,1023,1020,1017,31,22,10,23,13,,0,5,Rain,301
5/31/15,16,13,11,7,5,3,71,54,32,1017,1014,1012,31,26,10,24,16,,0.25,8,,300
6/1/15,15,12,9,5,-1,-6,71,39,16,1022,1016,1010,31,16,10,47,24,64,0,4,Rain,258
6/2/15,15,11,7,5,0,-5,62,43,24,1024,1022,1021,10,10,10,39,29,48,0,1,,242
6/3/15,16,11,7,9,5,1,76,60,32,1023,1022,1020,31,13,10,24,16,,0,3,,278
6/4/15,20,13,7,7,4,1,87,57,22,1022,1020,1017,31,14,10,21,13,,0,2,,334
6/5/15,16,12,9,7,5,3,76,59,35,1024,1019,1015,31,13,10,42,18,61,0,4,Rain,284
6/6/15,21,16,11,12,8,5,88,61,35,1029,1027,1024,31,13,10,19,13,,0,4,,312
6/7/15,22,16,9,10,8,7,94,63,26,1029,1026,1023,31,23,11,21,13,,0,,,333
6/8/15,23,17,11,9,7,4,82,52,20,1024,1021,1018,31,21,10,47,18,64,0,4,,320
6/9/15,23,17,12,12,6,1,72,46,15,1025,1020,1018,31,31,31,23,14,,0,,,308
6/10/15,15,13,12,13,10,6,100,77,46,1035,1030,1025,26,10,5,29,18,48,1.02,6,Rain,212
6/11/15,17,14,13,12,10,8,77,67,49,1037,1035,1034,31,13,10,27,16,,0,6,Rain,216
6/12/15,19,16,13,12,11,8,88,70,45,1035,1033,1031,31,13,9,16,10,,0,6,Rain,294
6/13/15,20,17,12,11,9,4,82,61,26,1032,1029,1026,31,14,10,23,11,,0,6,,330
6/14/15,19,14,9,13,9,7,93,74,40,1029,1027,1025,31,13,10,16,11,34,0,2,,294
6/15/15,18,14,10,15,12,9,100,83,57,1028,1026,1025,26,10,4,27,11,,1.02,6,Rain,331
6/16/15,17,16,14,15,14,13,94,86,70,1025,1020,1016,26,11,6,21,13,,4.06,6,Rain,338
6/17/15,18,16,13,16,14,11,98,86,71,1016,1011,1008,31,12,9,21,11,,0.76,6,Rain,329
6/18/15,17,14,11,14,11,9,100,85,61,1016,1013,1011,26,10,3,32,16,,24.89,6,Rain,257
6/19/15,14,12,9,11,9,7,100,82,56,1021,1017,1014,26,10,5,42,26,,2.03,6,Rain,225
6/20/15,15,12,8,10,7,4,88,69,46,1026,1023,1020,31,12,9,35,24,35,0,3,Rain,234
6/21/15,14,11,9,12,9,5,94,83,67,1029,1027,1025,31,11,4,21,13,,6.1,6,Rain,293
6/22/15,19,13,8,11,7,2,100,67,22,1030,1027,1025,26,13,9,16,13,,0,2,Fog,335
6/23/15,20,14,8,10,7,5,93,62,27,1027,1025,1023,26,24,19,19,13,,0,,,341
6/24/15,21,16,11,14,9,6,88,63,26,1024,1021,1019,31,21,10,16,10,,0,6,,322
6/25/15,18,16,12,14,12,9,100,75,58,1029,1023,1019,26,12,5,32,16,50,4.06,5,Rain,219
6/26/15,18,14,10,11,8,4,88,65,30,1033,1031,1028,31,13,10,24,14,,0.25,3,,251
6/27/15,20,14,8,9,7,4,93,65,28,1033,1031,1029,31,22,14,21,13,,0,,,330
6/28/15,17,12,7,11,8,4,93,72,38,1033,1031,1030,31,12,10,14,13,,0,1,,293
6/29/15,18,13,8,10,8,7,93,71,44,1033,1031,1029,31,12,10,14,11,,0,3,,336
6/30/15,20,14,9,12,9,7,94,73,30,1030,1027,1024,26,12,9,16,11,,0,4,Fog,329
7/1/15,17,13,9,10,7,0,94,65,22,1026,1024,1022,26,13,10,29,14,39,0.25,3,Rain,240
7/2/15,17,11,6,3,2,-1,76,51,25,1024,1020,1016,31,16,10,60,27,69,0,2,,266
7/3/15,14,10,6,6,3,-2,76,55,33,1027,1025,1023,31,17,10,27,21,47,0,1,,245
7/4/15,16,11,5,4,2,-4,87,57,15,1025,1022,1019,31,23,10,23,14,,0,2,,287
7/5/15,18,12,5,5,2,-2,76,50,15,1022,1020,1017,31,28,26,21,14,,0,,,320
7/6/15,17,11,6,5,1,-1,81,49,19,1018,1015,1013,31,25,19,29,18,45,0,,,289
7/7/15,14,10,7,10,6,1,94,70,43,1025,1020,1016,31,13,6,35,21,47,2.03,5,Rain,239
7/8/15,14,11,8,10,8,6,94,79,57,1030,1028,1025,31,12,5,29,18,32,0.25,4,Rain,236
7/9/15,17,11,6,9,6,4,93,69,33,1031,1028,1026,31,12,10,16,11,,0,1,,338
7/10/15,16,11,7,10,8,5,94,76,54,1026,1021,1017,26,13,10,21,11,,0,5,Rain,315
7/11/15,20,13,6,10,8,5,100,74,31,1017,1012,1004,31,11,4,48,13,64,5.08,2,Fog-Rain-Thunderstorm,324
7/12/15,15,11,8,8,2,-4,95,57,18,1007,1003,1001,31,11,6,45,27,58,0,5,Rain-Thunderstorm,312
7/13/15,18,13,8,8,3,0,93,54,28,1010,1003,999,31,13,9,47,29,71,0.51,4,Rain,294
7/14/15,17,13,9,4,1,-2,62,42,18,1016,1011,1008,31,17,10,35,23,,0,2,,284
7/15/15,16,11,6,7,2,-1,76,52,25,1018,1017,1015,31,16,10,16,13,,0,3,,295
7/16/15,13,11,8,9,7,4,95,79,60,1018,1015,1013,31,11,6,29,13,,9.91,5,Rain-Thunderstorm,271
7/17/15,14,10,6,7,4,1,93,68,40,1020,1013,1009,31,12,5,48,29,66,7.87,5,Rain,258
7/18/15,13,10,7,9,5,1,88,67,42,1031,1025,1019,31,12,6,45,29,58,0.51,4,Rain,232
7/19/15,14,11,7,10,8,5,93,79,56,1033,1031,1030,31,12,10,27,16,,0.25,2,,229
7/20/15,16,12,8,11,9,6,94,80,59,1035,1033,1032,31,12,9,21,11,,0.51,5,Rain,256
7/21/15,20,14,8,11,8,6,100,69,31,1033,1031,1027,31,12,10,29,14,,0,1,,355
7/22/15,18,14,9,9,8,7,88,66,35,1028,1026,1024,31,26,14,27,11,,0,8,,344
7/23/15,16,13,11,13,11,9,94,83,67,1026,1024,1022,31,12,8,19,10,,0.51,6,Rain,263
7/24/15,21,16,11,13,11,7,94,71,32,1022,1017,1014,31,13,6,23,11,,0,6,Fog-Rain,341
7/25/15,21,16,10,9,3,0,77,41,15,1018,1016,1013,31,29,26,23,16,,0,,,326
7/26/15,21,16,11,5,2,-2,67,40,14,1021,1016,1011,31,18,10,42,23,61,0,4,,311
7/27/15,15,11,8,1,-2,-5,62,37,16,1029,1024,1020,31,25,10,39,27,48,0,1,,272
7/28/15,16,11,7,7,3,0,71,54,26,1033,1031,1029,10,10,10,34,23,,0,1,,244
7/29/15,16,12,7,8,6,4,82,63,38,1035,1032,1029,31,13,10,19,13,,0,3,,351
7/30/15,21,14,8,8,4,-1,87,51,15,1029,1023,1018,31,18,10,26,14,,0,6,,330
7/31/15,21,16,11,8,4,1,63,43,17,1022,1020,1018,31,19,10,24,13,,0,3,,321
8/1/15,23,15,7,7,3,-2,87,44,11,1021,1017,1015,31,29,19,45,16,58,0,,,330
8/2/15,25,18,11,11,6,2,82,48,15,1016,1013,1009,31,31,31,39,14,50,0,,,284
8/3/15,19,14,9,8,0,-2,67,37,17,1022,1015,1013,31,19,10,42,23,53,0,1,,266
8/4/15,15,11,8,3,0,-3,62,44,24,1023,1020,1017,26,13,10,24,16,,0,5,Rain,283
8/5/15,16,11,6,2,-1,-4,58,41,21,1017,1013,1010,31,29,26,34,19,48,0,,,297
8/6/15,16,11,7,5,1,-2,66,47,19,1022,1016,1013,31,31,31,29,23,,0,,,249
8/7/15,17,11,6,9,3,1,76,53,28,1024,1022,1021,31,31,31,24,16,35,0,,,260
8/8/15,15,11,7,8,5,2,76,62,41,1025,1023,1022,31,14,10,29,16,,0,4,,242
8/9/15,17,11,6,10,6,3,87,64,38,1025,1021,1018,31,12,10,19,13,,0,1,,346
8/10/15,21,14,8,9,5,-1,93,53,17,1018,1015,1012,31,17,10,26,14,,0,1,,335
8/11/15,21,15,9,10,3,-2,67,42,14,1014,1012,1010,31,22,10,23,14,,0,1,,302
8/12/15,19,13,7,14,1,-3,100,43,16,1012,1007,1003,31,23,10,60,19,80,0,6,Rain,319
8/13/15,19,13,8,2,1,-4,66,41,13,1022,1014,1008,31,22,10,39,29,58,0,5,,259
8/14/15,18,12,7,8,3,2,77,51,23,1027,1024,1021,31,30,26,29,14,47,0,,,272
8/15/15,16,12,8,12,8,4,77,66,44,1030,1029,1027,31,13,10,26,14,,0,4,,233
8/16/15,21,16,11,13,9,5,88,65,35,1029,1024,1019,31,14,10,27,13,,0,3,,321
8/17/15,21,14,9,5,2,-3,66,41,12,1019,1016,1013,31,29,26,34,18,42,0,,,273
8/18/15,15,12,10,6,3,-2,67,49,29,1025,1020,1016,31,12,10,27,19,,0,2,,200
8/19/15,16,12,9,8,6,3,72,57,36,1027,1025,1024,31,13,10,19,11,,0,3,,356
8/20/15,20,14,8,13,9,6,87,65,36,1028,1026,1024,31,13,10,26,13,,0,1,,3
8/21/15,23,16,9,13,9,7,94,64,26,1026,1023,1020,19,13,9,29,14,,0,1,,357
8/22/15,28,21,15,11,8,5,59,39,14,1021,1018,1015,31,28,19,32,14,,0,,,355
8/23/15,21,18,15,16,13,10,100,75,42,1022,1019,1017,31,11,5,19,10,,4.06,6,Rain,318
8/24/15,17,16,14,16,14,14,100,93,84,1019,1016,1012,26,10,0,39,14,45,23.11,5,Rain-Thunderstorm,207
8/25/15,20,16,12,15,10,8,100,70,37,1014,1012,1011,31,12,4,40,26,60,4.06,5,Rain,296
8/26/15,19,16,13,15,13,12,100,83,63,1021,1017,1012,31,12,3,26,19,,0.25,5,Rain,187
8/27/15,22,17,12,12,9,4,100,63,24,1020,1017,1014,31,13,10,35,14,,0,4,Rain,310
8/28/15,18,14,10,11,7,3,82,56,27,1023,1019,1016,31,13,10,35,19,50,0,3,Rain,241
8/29/15,20,14,9,8,4,0,82,52,17,1023,1020,1017,31,12,10,27,13,,0,1,,261
8/30/15,16,12,7,9,5,0,72,56,36,1021,1019,1017,31,11,10,34,21,,0,3,,226
8/31/15,16,13,9,8,6,3,71,55,34,1018,1016,1013,31,24,10,29,23,,0,5,,222
9/1/15,17,12,8,9,4,2,82,54,25,1016,1014,1013,31,19,10,27,14,,0,1,,230
9/2/15,20,13,7,9,6,3,76,52,27,1018,1014,1008,31,25,10,29,13,,2.03,6,Rain,352
9/3/15,20,16,11,11,8,2,94,61,19,1014,1007,1004,31,12,10,42,19,60,3.05,5,Rain,264
9/4/15,17,14,12,13,11,8,100,73,49,1022,1020,1014,26,10,4,35,29,48,0.25,5,Rain,198
9/5/15,19,15,11,12,10,8,88,69,39,1023,1021,1019,31,13,10,27,14,,2.03,4,Rain,223
9/6/15,17,14,12,13,12,10,90,78,54,1025,1022,1020,26,12,7,23,13,,3.05,6,Rain,253
9/7/15,24,17,9,12,7,-1,100,56,18,1021,1017,1013,31,11,5,40,16,47,0.25,1,Fog,309
9/8/15,20,14,9,7,1,-2,63,38,15,1019,1017,1015,10,10,10,35,24,52,0,1,,268
9/9/15,17,13,10,10,6,3,68,53,32,1026,1022,1019,31,13,10,32,21,,0,1,,218
9/10/15,18,14,11,11,8,6,82,58,34,1032,1029,1026,31,13,10,32,16,,0,4,,188
9/11/15,23,18,14,10,8,6,72,51,28,1032,1029,1027,31,16,10,34,14,,0,5,,348
9/12/15,25,18,11,14,10,6,88,61,23,1028,1026,1024,31,27,19,24,10,,0,,,340
9/13/15,23,18,12,16,12,8,88,65,29,1028,1026,1024,31,23,10,27,14,,0,1,,12
9/14/15,24,19,14,15,13,11,88,64,40,1026,1023,1019,31,29,26,39,14,,0,,,18
9/15/15,31,22,14,13,7,2,94,41,9,1019,1013,1008,31,28,19,50,19,64,0,,,306
9/16/15,19,16,12,12,8,4,68,55,32,1018,1016,1015,31,13,10,27,18,,0,2,,174
9/17/15,18,15,12,14,11,8,94,70,51,1023,1019,1016,31,12,9,37,16,53,1.02,3,Rain-Thunderstorm,188
9/18/15,18,16,13,12,10,8,95,67,44,1027,1025,1023,31,12,5,42,29,50,9.91,4,Rain,181
9/19/15,19,16,12,13,11,7,100,72,41,1027,1025,1024,31,11,5,29,16,,0,6,Rain,143
9/20/15,18,14,12,14,11,8,94,73,48,1025,1023,1021,31,12,5,21,11,,0.51,4,Rain,83
9/21/15,23,18,12,14,12,8,94,68,34,1021,1017,1014,31,12,8,29,13,26,0.25,2,Fog-Rain,342
9/22/15,18,16,13,12,8,4,77,56,29,1023,1018,1013,31,13,10,48,26,66,0,4,Rain,215
9/23/15,14,12,11,9,6,2,88,63,45,1027,1025,1023,27,11,5,58,42,76,3.05,4,Rain,213
9/24/15,14,11,9,12,8,2,100,76,51,1027,1025,1024,31,9,3,63,39,82,13.97,5,Rain,209
9/25/15,16,13,10,12,9,7,94,73,46,1030,1028,1026,26,10,5,47,37,66,0.51,6,Rain,187
9/26/15,18,16,12,12,9,4,94,66,29,1028,1026,1024,31,12,6,29,24,50,2.03,5,Rain,167
9/27/15,17,14,12,12,9,8,94,69,47,1025,1022,1020,31,12,5,42,26,52,0,5,Rain,210
9/28/15,20,16,11,10,8,5,77,58,29,1021,1019,1017,31,16,10,21,14,,0,2,,178
9/29/15,25,18,11,12,9,4,82,52,18,1020,1017,1015,31,19,10,32,13,,0,2,,343
9/30/15,20,18,17,16,12,9,88,67,47,1025,1021,1018,31,12,10,32,21,,0,5,Rain,145
10/1/15,24,20,16,18,14,13,100,69,44,1028,1025,1022,26,12,10,32,14,,0,4,,49
10/2/15,23,20,17,17,13,10,94,66,34,1034,1032,1028,31,13,10,35,18,,0,3,,118
10/3/15,30,22,14,16,13,6,88,55,13,1032,1028,1023,31,27,19,27,14,,0,,,345
10/4/15,34,26,17,17,4,-3,83,27,4,1024,1022,1020,31,28,19,29,14,47,0,,,308
10/5/15,37,27,16,17,8,-2,83,41,4,1024,1022,1019,31,24,10,24,11,,0,1,,303
10/6/15,35,28,20,15,9,5,64,30,10,1023,1021,1018,31,31,31,42,14,,0,,,350
10/7/15,24,21,17,17,11,5,83,57,30,1037,1029,1020,31,10,6,58,24,77,0,6,,174
10/8/15,21,18,16,14,9,7,73,53,38,1039,1037,1035,26,12,10,34,23,,0,6,Rain,83
10/9/15,24,21,17,15,12,8,73,55,26,1035,1032,1028,26,13,10,34,18,,0,5,,15
10/10/15,26,21,16,16,14,12,88,68,33,1030,1027,1024,31,15,9,21,11,,0,2,,65
10/11/15,26,20,15,17,15,13,94,72,40,1025,1021,1017,26,13,8,32,11,,2.03,4,Rain-Thunderstorm,351
10/12/15,29,23,17,18,13,9,88,58,23,1019,1015,1011,31,15,10,42,18,61,3.05,3,Rain-Thunderstorm,359
10/13/15,20,19,17,17,16,14,94,81,67,1026,1022,1018,26,11,8,35,26,52,2.03,6,Rain,151
10/14/15,25,21,17,16,15,13,94,68,38,1027,1025,1024,26,12,10,34,14,,0.25,3,Rain,37
10/15/15,26,21,17,18,16,14,88,67,40,1027,1023,1020,26,13,10,45,21,,0,1,,17
10/16/15,31,24,18,17,16,12,88,60,26,1023,1020,1017,31,22,10,37,16,,0,1,,20
10/17/15,24,21,19,19,17,15,88,75,54,1026,1022,1019,26,12,10,29,16,,0.76,2,Rain,146
10/18/15,22,20,19,19,14,12,94,70,47,1030,1028,1026,26,12,9,29,23,,0,6,Rain,133
10/19/15,27,23,19,19,16,13,88,65,40,1028,1024,1021,26,13,9,35,18,,0,5,Rain,35
10/20/15,29,24,19,19,16,15,83,62,34,1021,1018,1015,26,15,10,35,14,,5.08,3,Rain-Thunderstorm,22
10/21/15,29,24,19,18,14,11,88,55,24,1015,1012,1010,26,15,10,32,13,,0.76,6,Rain,341
10/22/15,23,19,16,18,16,13,100,84,43,1018,1012,1010,23,10,2,53,24,72,5.08,6,Rain,195
10/23/15,19,17,14,14,11,9,88,66,41,1024,1021,1018,31,12,10,40,27,47,0,6,Rain,190
10/24/15,24,18,13,13,11,10,82,60,34,1024,1022,1020,31,13,10,35,14,,0,3,,6
10/25/15,25,20,15,17,14,11,83,63,33,1022,1019,1016,31,18,10,39,16,,0,2,,21
10/26/15,26,21,17,19,15,11,94,66,28,1020,1015,1013,31,13,9,64,16,82,3.05,5,Rain-Thunderstorm,297
10/27/15,19,17,16,17,11,5,94,64,38,1027,1024,1020,26,11,8,58,40,71,0.51,6,Rain,173
10/28/15,21,17,13,12,9,6,82,57,31,1026,1024,1021,26,12,10,26,18,,0.25,5,Rain,114
10/29/15,23,18,13,10,8,6,68,49,24,1024,1023,1021,31,14,10,27,13,,0,4,,54
10/30/15,24,19,15,13,11,9,77,53,30,1024,1022,1020,31,14,10,34,14,,0,4,,5
10/31/15,26,21,16,16,14,11,83,63,30,1022,1020,1017,31,13,10,39,21,53,0,6,Rain,23
11/1/15,28,22,17,19,16,14,88,67,32,1018,1012,1008,26,12,6,39,18,,4.06,4,Rain-Thunderstorm,22
11/2/15,32,25,18,20,17,12,94,68,21,1014,1010,1008,31,13,8,34,19,52,0.25,4,Rain-Thunderstorm,309
11/3/15,21,19,17,19,17,16,100,90,78,1019,1016,1014,26,10,5,34,27,,1.02,6,Rain,189
11/4/15,19,18,17,18,17,14,100,92,73,1019,1017,1016,26,7,2,42,21,63,5.08,6,Rain,94
11/5/15,23,19,16,19,17,16,100,86,68,1019,1013,1008,19,8,4,45,26,63,1.02,6,Rain,37
11/6/15,30,24,19,19,17,14,100,75,30,1009,1007,1005,31,11,5,35,18,,4.06,5,Rain-Thunderstorm,332
11/7/15,24,20,17,19,16,11,94,77,53,1019,1013,1008,26,11,6,42,18,53,0,5,,171
11/8/15,20,18,16,15,12,11,83,66,46,1023,1020,1017,26,12,6,42,31,48,0,5,Rain,180
11/9/15,23,18,13,13,11,9,88,60,35,1022,1019,1016,31,14,10,26,14,,0,3,,47
11/10/15,26,21,16,18,13,9,88,60,25,1019,1015,1012,31,21,10,32,13,,0,4,,19
11/11/15,23,21,19,18,17,15,94,79,51,1022,1020,1017,26,11,8,29,21,,0.51,6,Rain,151
11/12/15,26,22,18,18,16,12,88,66,32,1022,1018,1015,26,12,10,40,16,,2.03,6,Rain,16
11/13/15,28,22,17,19,17,13,96,74,32,1015,1012,1009,31,11,5,29,14,,18.03,4,Rain-Thunderstorm,125
11/14/15,20,18,17,17,15,13,94,81,60,1016,1013,1012,31,11,6,34,24,,1.02,6,Rain,165
11/15/15,20,18,15,16,13,11,100,75,52,1020,1017,1015,26,11,5,39,29,,2.03,6,Rain,169
11/16/15,22,18,14,14,11,6,88,58,28,1021,1019,1017,31,14,10,34,19,,0,3,Rain,155
11/17/15,26,20,14,15,12,8,77,53,26,1019,1017,1014,31,22,10,40,16,,0,2,,2
11/18/15,37,27,17,18,12,2,83,48,6,1016,1012,1008,31,22,10,47,18,58,0,1,,288
11/19/15,34,26,18,20,16,13,88,55,20,1015,1012,1010,31,18,10,27,14,,0,1,,355
11/20/15,43,32,21,22,14,-1,94,55,4,1013,1009,1004,26,13,10,48,21,69,0,2,,224
11/21/15,21,19,18,19,13,10,88,63,40,1021,1016,1011,26,12,10,47,32,64,0,6,Rain,158
11/22/15,22,20,18,14,12,10,68,54,36,1021,1017,1014,26,12,10,29,16,,0,5,,54
11/23/15,23,20,17,18,16,13,78,70,46,1016,1012,1010,26,12,10,37,16,,0,3,,192
11/24/15,26,22,18,16,14,13,83,60,36,1017,1015,1012,31,13,10,42,19,55,0,2,,49
11/25/15,32,25,18,18,15,2,83,54,7,1014,1009,1003,31,26,19,48,18,66,0,,,11
11/26/15,39,29,19,19,9,-8,88,37,4,1014,1002,999,31,14,9,60,24,72,0,6,,315
11/27/15,22,19,16,15,13,11,88,62,42,1016,1014,1012,26,11,10,29,19,,0.25,4,Rain,116
11/28/15,24,21,18,16,14,12,73,58,37,1017,1016,1015,31,13,10,35,19,,0,6,,52
11/29/15,27,23,20,19,18,16,88,71,48,1016,1011,1008,26,12,10,40,27,50,0,4,Rain,32
11/30/15,26,22,18,19,17,15,94,70,44,1012,1010,1007,31,13,10,47,23,64,0,3,,108
12/1/15,37,28,20,18,14,2,83,46,5,1011,1008,1004,31,28,23,50,14,64,0,,,11
12/2/15,21,19,18,18,13,6,88,68,34,1025,1016,1008,31,12,10,52,40,66,0,6,,174
12/3/15,22,19,15,12,9,6,68,49,31,1028,1026,1024,31,12,10,24,19,,0,4,Rain,138
12/4/15,23,19,15,13,11,9,72,55,31,1028,1025,1023,31,13,10,26,13,,0,3,,91
12/5/15,26,21,16,15,13,10,82,55,28,1023,1020,1017,31,19,10,35,14,,0,1,,8
12/6/15,27,22,18,17,14,9,83,59,26,1021,1019,1017,31,13,10,34,14,,0,5,,53
12/7/15,26,22,19,17,16,12,88,64,38,1022,1020,1018,31,13,10,27,14,,0,5,,71
12/8/15,26,23,21,20,18,17,83,70,50,1021,1017,1014,31,12,10,35,19,53,0,6,Rain,37
12/9/15,33,26,19,21,19,16,100,64,30,1016,1013,1010,31,12,7,37,19,55,0.76,3,Rain-Thunderstorm,22
12/10/15,26,22,19,19,18,17,94,77,51,1016,1013,1010,26,11,9,42,26,61,0,4,,142
12/11/15,36,28,20,21,10,-12,94,50,4,1010,1005,1001,31,12,9,47,18,61,0,6,Rain,247
12/12/15,22,20,18,15,12,9,73,56,38,1020,1015,1010,26,11,10,32,24,,0,5,,128
12/13/15,25,21,18,16,14,12,69,57,36,1020,1017,1014,26,13,10,42,21,50,0,6,,37
12/14/15,28,23,18,18,16,13,88,62,32,1015,1014,1012,31,23,19,23,13,,0,,,63
12/15/15,27,23,20,21,19,17,94,75,46,1016,1014,1011,31,11,8,39,14,50,0.51,5,Rain-Thunderstorm,51
12/16/15,25,20,16,21,17,13,94,78,50,1018,1015,1013,31,11,1,64,19,87,6.1,5,Rain-Thunderstorm,73
12/17/15,27,21,16,18,16,14,94,65,35,1019,1017,1016,31,13,10,35,13,,0,2,,30
12/18/15,29,24,20,18,16,14,83,57,31,1018,1015,1012,31,31,31,45,21,,0,,,26
12/19/15,33,27,20,19,17,13,83,58,20,1014,1013,1011,31,28,23,45,18,,0,,,30
12/20/15,32,26,19,18,17,14,83,54,29,1014,1010,1006,31,24,14,53,24,72,0,,,29
12/21/15,27,23,19,20,18,15,100,77,40,1024,1015,1008,26,10,3,42,23,58,13.97,6,Rain,159
12/22/15,20,18,17,18,17,14,100,87,66,1023,1022,1020,19,8,2,29,21,,16,7,Rain,155
12/23/15,24,21,17,17,14,11,83,64,34,1021,1019,1017,26,12,8,27,19,,0.25,5,Rain,131
12/24/15,25,21,18,15,13,9,78,57,28,1021,1019,1018,31,12,10,29,19,,0,2,,115
12/25/15,26,22,17,19,14,11,88,60,28,1020,1016,1013,31,12,5,32,18,,0,3,Rain,52
12/26/15,27,23,19,22,19,17,100,76,46,1013,1008,1005,31,12,5,40,16,,0.51,5,Rain-Thunderstorm,7
12/27/15,24,20,16,21,14,11,94,70,48,1023,1016,1008,31,11,6,55,37,71,0,5,Rain,182
12/28/15,21,18,15,14,13,11,94,66,42,1025,1023,1021,26,12,10,39,29,,0.25,5,Rain,182
12/29/15,23,20,16,14,11,9,77,55,29,1024,1022,1020,31,13,10,26,18,,0,2,,160
12/30/15,24,19,14,15,13,8,82,61,28,1021,1019,1018,31,14,10,23,13,,0,1,,109
12/31/15,28,23,18,16,14,13,83,59,30,1020,1017,1015,31,14,10,35,13,,0,3,,22